序号,链接,节点数
0,https://clashnode.com/wp-content/uploads/2026/08/20260809.txt,0
1,https://nodefree.org/dy/2026/08/20260809.yaml,0
2,https://oneclash.cc/wp-content/uploads/2026/08/20260809.txt,0
3,https://v2rayshare.com/wp-content/uploads/2026/08/20260809.txt,0
4,https://wefound.cc/freenode/2026/08/20260807.txt,0
5,https://prop.cf/?name=paimon&client=base64,0
6,https://prop.cf/?name=paimon&client=clash,0
7,https://raw.githubusercontent.com/abshare/abshare.github.io/main/README.md,38
8,https://raw.githubusercontent.com/aiboboxx/v2rayfree/main/v2,0
9,https://raw.githubusercontent.com/freefq/free/master/v2,15
10,https://raw.githubusercontent.com/mianfeifq/share/main/README.md,0
11,https://raw.githubusercontent.com/mksshare/mksshare.github.io/main/README.md,0
12,https://raw.githubusercontent.com/ripaojiedian/freenode/main/clash,14
13,https://raw.githubusercontent.com/ripaojiedian/freenode/main/sub,14
14,dynamic://kkzui,0
15,dynamic://sharkdoor,0

总计,,13
